year,city,country,avg_temp
1856,Abuja,Nigeria,26.93
1857,Abuja,Nigeria,24.67
1858,Abuja,Nigeria,25.87
1859,Abuja,Nigeria,25.31
1860,Abuja,Nigeria,25.52
1861,Abuja,Nigeria,25.56
1862,Abuja,Nigeria,26.94
1863,Abuja,Nigeria,
1864,Abuja,Nigeria,
1865,Abuja,Nigeria,
1866,Abuja,Nigeria,
1867,Abuja,Nigeria,
1868,Abuja,Nigeria,
1869,Abuja,Nigeria,
1870,Abuja,Nigeria,
1871,Abuja,Nigeria,
1872,Abuja,Nigeria,
1873,Abuja,Nigeria,25.77
1874,Abuja,Nigeria,25.8
1875,Abuja,Nigeria,25.42
1876,Abuja,Nigeria,25.72
1877,Abuja,Nigeria,25.97
1878,Abuja,Nigeria,25.98
1879,Abuja,Nigeria,25.36
1880,Abuja,Nigeria,25.6
1881,Abuja,Nigeria,25.93
1882,Abuja,Nigeria,25.58
1883,Abuja,Nigeria,25.9
1884,Abuja,Nigeria,26.07
1885,Abuja,Nigeria,24.84
1886,Abuja,Nigeria,25.38
1887,Abuja,Nigeria,24.82
1888,Abuja,Nigeria,25.15
1889,Abuja,Nigeria,25.21
1890,Abuja,Nigeria,24.48
1891,Abuja,Nigeria,25.02
1892,Abuja,Nigeria,25.21
1893,Abuja,Nigeria,25.21
1894,Abuja,Nigeria,25.38
1895,Abuja,Nigeria,25.58
1896,Abuja,Nigeria,25.46
1897,Abuja,Nigeria,25.93
1898,Abuja,Nigeria,25.43
1899,Abuja,Nigeria,25.83
1900,Abuja,Nigeria,25.95
1901,Abuja,Nigeria,25.84
1902,Abuja,Nigeria,25.52
1903,Abuja,Nigeria,25.5
1904,Abuja,Nigeria,25.07
1905,Abuja,Nigeria,25.4
1906,Abuja,Nigeria,25.63
1907,Abuja,Nigeria,25.35
1908,Abuja,Nigeria,25.63
1909,Abuja,Nigeria,25.86
1910,Abuja,Nigeria,25.78
1911,Abuja,Nigeria,25.53
1912,Abuja,Nigeria,25.65
1913,Abuja,Nigeria,26.21
1914,Abuja,Nigeria,26.37
1915,Abuja,Nigeria,26.12
1916,Abuja,Nigeria,25.92
1917,Abuja,Nigeria,26.64
1918,Abuja,Nigeria,25.93
1919,Abuja,Nigeria,26.5
1920,Abuja,Nigeria,25.94
1921,Abuja,Nigeria,26.31
1922,Abuja,Nigeria,26.36
1923,Abuja,Nigeria,26.11
1924,Abuja,Nigeria,26.41
1925,Abuja,Nigeria,25.79
1926,Abuja,Nigeria,26.48
1927,Abuja,Nigeria,26.36
1928,Abuja,Nigeria,26.33
1929,Abuja,Nigeria,26.09
1930,Abuja,Nigeria,26.48
1931,Abuja,Nigeria,26.82
1932,Abuja,Nigeria,26.25
1933,Abuja,Nigeria,26.5
1934,Abuja,Nigeria,26.31
1935,Abuja,Nigeria,26.47
1936,Abuja,Nigeria,26.37
1937,Abuja,Nigeria,26.44
1938,Abuja,Nigeria,26.63
1939,Abuja,Nigeria,26.08
1940,Abuja,Nigeria,26.45
1941,Abuja,Nigeria,26.99
1942,Abuja,Nigeria,26.76
1943,Abuja,Nigeria,26.28
1944,Abuja,Nigeria,26.48
1945,Abuja,Nigeria,26.34
1946,Abuja,Nigeria,26.26
1947,Abuja,Nigeria,26.6
1948,Abuja,Nigeria,26.04
1949,Abuja,Nigeria,26.45
1950,Abuja,Nigeria,26.21
1951,Abuja,Nigeria,26.2
1952,Abuja,Nigeria,26.09
1953,Abuja,Nigeria,26.23
1954,Abuja,Nigeria,25.95
1955,Abuja,Nigeria,25.91
1956,Abuja,Nigeria,25.93
1957,Abuja,Nigeria,26.12
1958,Abuja,Nigeria,26.37
1959,Abuja,Nigeria,26.31
1960,Abuja,Nigeria,26.19
1961,Abuja,Nigeria,25.93
1962,Abuja,Nigeria,26.05
1963,Abuja,Nigeria,26.49
1964,Abuja,Nigeria,26.08
1965,Abuja,Nigeria,26.19
1966,Abuja,Nigeria,26.22
1967,Abuja,Nigeria,26.01
1968,Abuja,Nigeria,26.29
1969,Abuja,Nigeria,26.47
1970,Abuja,Nigeria,26.41
1971,Abuja,Nigeria,26.27
1972,Abuja,Nigeria,26.09
1973,Abuja,Nigeria,26.78
1974,Abuja,Nigeria,26.03
1975,Abuja,Nigeria,25.89
1976,Abuja,Nigeria,26.17
1977,Abuja,Nigeria,26.43
1978,Abuja,Nigeria,26.14
1979,Abuja,Nigeria,26.46
1980,Abuja,Nigeria,26.41
1981,Abuja,Nigeria,26.2
1982,Abuja,Nigeria,26.28
1983,Abuja,Nigeria,26.49
1984,Abuja,Nigeria,26.41
1985,Abuja,Nigeria,26.32
1986,Abuja,Nigeria,26.38
1987,Abuja,Nigeria,27.06
1988,Abuja,Nigeria,26.49
1989,Abuja,Nigeria,25.82
1990,Abuja,Nigeria,26.74
1991,Abuja,Nigeria,26.39
1992,Abuja,Nigeria,26.08
1993,Abuja,Nigeria,26.44
1994,Abuja,Nigeria,26.18
1995,Abuja,Nigeria,26.62
1996,Abuja,Nigeria,26.58
1997,Abuja,Nigeria,26.48
1998,Abuja,Nigeria,27.04
1999,Abuja,Nigeria,26.85
2000,Abuja,Nigeria,26.32
2001,Abuja,Nigeria,26.58
2002,Abuja,Nigeria,26.95
2003,Abuja,Nigeria,26.84
2004,Abuja,Nigeria,26.95
2005,Abuja,Nigeria,27.09
2006,Abuja,Nigeria,27.24
2007,Abuja,Nigeria,27.2
2008,Abuja,Nigeria,26.75
2009,Abuja,Nigeria,27.19
2010,Abuja,Nigeria,27.35
2011,Abuja,Nigeria,27.09
2012,Abuja,Nigeria,26.93
2013,Abuja,Nigeria,27.25
1856,Ibadan,Nigeria,26.92
1857,Ibadan,Nigeria,24.97
1858,Ibadan,Nigeria,25.93
1859,Ibadan,Nigeria,25.66
1860,Ibadan,Nigeria,25.77
1861,Ibadan,Nigeria,25.82
1862,Ibadan,Nigeria,26.81
1863,Ibadan,Nigeria,
1864,Ibadan,Nigeria,
1865,Ibadan,Nigeria,
1866,Ibadan,Nigeria,
1867,Ibadan,Nigeria,
1868,Ibadan,Nigeria,
1869,Ibadan,Nigeria,
1870,Ibadan,Nigeria,
1871,Ibadan,Nigeria,
1872,Ibadan,Nigeria,
1873,Ibadan,Nigeria,25.87
1874,Ibadan,Nigeria,25.98
1875,Ibadan,Nigeria,25.6
1876,Ibadan,Nigeria,25.98
1877,Ibadan,Nigeria,26.15
1878,Ibadan,Nigeria,26.1
1879,Ibadan,Nigeria,25.51
1880,Ibadan,Nigeria,25.91
1881,Ibadan,Nigeria,26.19
1882,Ibadan,Nigeria,25.82
1883,Ibadan,Nigeria,26.21
1884,Ibadan,Nigeria,26.23
1885,Ibadan,Nigeria,26.15
1886,Ibadan,Nigeria,25.63
1887,Ibadan,Nigeria,24.93
1888,Ibadan,Nigeria,25.28
1889,Ibadan,Nigeria,25.11
1890,Ibadan,Nigeria,24.63
1891,Ibadan,Nigeria,25.11
1892,Ibadan,Nigeria,25.34
1893,Ibadan,Nigeria,25.46
1894,Ibadan,Nigeria,25.46
1895,Ibadan,Nigeria,25.74
1896,Ibadan,Nigeria,25.69
1897,Ibadan,Nigeria,26.15
1898,Ibadan,Nigeria,25.63
1899,Ibadan,Nigeria,26.04
1900,Ibadan,Nigeria,26.19
1901,Ibadan,Nigeria,26.25
1902,Ibadan,Nigeria,25.89
1903,Ibadan,Nigeria,25.52
1904,Ibadan,Nigeria,25.23
1905,Ibadan,Nigeria,25.81
1906,Ibadan,Nigeria,26.02
1907,Ibadan,Nigeria,25.66
1908,Ibadan,Nigeria,25.88
1909,Ibadan,Nigeria,25.87
1910,Ibadan,Nigeria,26.13
1911,Ibadan,Nigeria,25.44
1912,Ibadan,Nigeria,25.55
1913,Ibadan,Nigeria,26.36
1914,Ibadan,Nigeria,26.61
1915,Ibadan,Nigeria,26.56
1916,Ibadan,Nigeria,26.25
1917,Ibadan,Nigeria,26.67
1918,Ibadan,Nigeria,26.16
1919,Ibadan,Nigeria,26.67
1920,Ibadan,Nigeria,26.38
1921,Ibadan,Nigeria,26.57
1922,Ibadan,Nigeria,26.44
1923,Ibadan,Nigeria,26.5
1924,Ibadan,Nigeria,26.7
1925,Ibadan,Nigeria,26.46
1926,Ibadan,Nigeria,26.85
1927,Ibadan,Nigeria,26.75
1928,Ibadan,Nigeria,26.63
1929,Ibadan,Nigeria,26.13
1930,Ibadan,Nigeria,26.69
1931,Ibadan,Nigeria,26.8
1932,Ibadan,Nigeria,26.35
1933,Ibadan,Nigeria,26.64
1934,Ibadan,Nigeria,26.62
1935,Ibadan,Nigeria,26.7
1936,Ibadan,Nigeria,26.51
1937,Ibadan,Nigeria,26.8
1938,Ibadan,Nigeria,26.68
1939,Ibadan,Nigeria,26.06
1940,Ibadan,Nigeria,26.66
1941,Ibadan,Nigeria,27.18
1942,Ibadan,Nigeria,26.83
1943,Ibadan,Nigeria,26.39
1944,Ibadan,Nigeria,26.83
1945,Ibadan,Nigeria,26.89
1946,Ibadan,Nigeria,26.5
1947,Ibadan,Nigeria,26.77
1948,Ibadan,Nigeria,26.36
1949,Ibadan,Nigeria,26.73
1950,Ibadan,Nigeria,26.42
1951,Ibadan,Nigeria,26.63
1952,Ibadan,Nigeria,26.46
1953,Ibadan,Nigeria,26.48
1954,Ibadan,Nigeria,26.14
1955,Ibadan,Nigeria,26.2
1956,Ibadan,Nigeria,26.14
1957,Ibadan,Nigeria,26.41
1958,Ibadan,Nigeria,26.5
1959,Ibadan,Nigeria,26.51
1960,Ibadan,Nigeria,26.43
1961,Ibadan,Nigeria,26.26
1962,Ibadan,Nigeria,26.31
1963,Ibadan,Nigeria,26.76
1964,Ibadan,Nigeria,26.28
1965,Ibadan,Nigeria,26.34
1966,Ibadan,Nigeria,26.52
1967,Ibadan,Nigeria,26.18
1968,Ibadan,Nigeria,26.47
1969,Ibadan,Nigeria,26.69
1970,Ibadan,Nigeria,26.7
1971,Ibadan,Nigeria,26.39
1972,Ibadan,Nigeria,26.55
1973,Ibadan,Nigeria,26.95
1974,Ibadan,Nigeria,26.14
1975,Ibadan,Nigeria,26
1976,Ibadan,Nigeria,26.24
1977,Ibadan,Nigeria,26.84
1978,Ibadan,Nigeria,26.5
1979,Ibadan,Nigeria,26.75
1980,Ibadan,Nigeria,26.62
1981,Ibadan,Nigeria,26.59
1982,Ibadan,Nigeria,26.47
1983,Ibadan,Nigeria,26.83
1984,Ibadan,Nigeria,26.7
1985,Ibadan,Nigeria,26.58
1986,Ibadan,Nigeria,26.45
1987,Ibadan,Nigeria,27.33
1988,Ibadan,Nigeria,26.74
1989,Ibadan,Nigeria,26.35
1990,Ibadan,Nigeria,26.88
1991,Ibadan,Nigeria,26.61
1992,Ibadan,Nigeria,26.49
1993,Ibadan,Nigeria,26.7
1994,Ibadan,Nigeria,26.6
1995,Ibadan,Nigeria,26.85
1996,Ibadan,Nigeria,26.77
1997,Ibadan,Nigeria,26.73
1998,Ibadan,Nigeria,27.36
1999,Ibadan,Nigeria,26.85
2000,Ibadan,Nigeria,26.75
2001,Ibadan,Nigeria,26.76
2002,Ibadan,Nigeria,26.98
2003,Ibadan,Nigeria,27.15
2004,Ibadan,Nigeria,27.11
2005,Ibadan,Nigeria,27.27
2006,Ibadan,Nigeria,27.38
2007,Ibadan,Nigeria,27.29
2008,Ibadan,Nigeria,27.07
2009,Ibadan,Nigeria,27.35
2010,Ibadan,Nigeria,27.56
2011,Ibadan,Nigeria,27.13
2012,Ibadan,Nigeria,27
2013,Ibadan,Nigeria,27.17
1856,Kaduna,Nigeria,26.69
1857,Kaduna,Nigeria,24.7
1858,Kaduna,Nigeria,25.68
1859,Kaduna,Nigeria,25.18
1860,Kaduna,Nigeria,25.16
1861,Kaduna,Nigeria,25.25
1862,Kaduna,Nigeria,26.35
1863,Kaduna,Nigeria,
1864,Kaduna,Nigeria,
1865,Kaduna,Nigeria,
1866,Kaduna,Nigeria,
1867,Kaduna,Nigeria,
1868,Kaduna,Nigeria,
1869,Kaduna,Nigeria,
1870,Kaduna,Nigeria,
1871,Kaduna,Nigeria,
1872,Kaduna,Nigeria,
1873,Kaduna,Nigeria,25.66
1874,Kaduna,Nigeria,25.51
1875,Kaduna,Nigeria,25.17
1876,Kaduna,Nigeria,25.48
1877,Kaduna,Nigeria,25.71
1878,Kaduna,Nigeria,25.79
1879,Kaduna,Nigeria,25.16
1880,Kaduna,Nigeria,25.35
1881,Kaduna,Nigeria,25.73
1882,Kaduna,Nigeria,25.31
1883,Kaduna,Nigeria,25.67
1884,Kaduna,Nigeria,25.79
1885,Kaduna,Nigeria,24.14
1886,Kaduna,Nigeria,25.08
1887,Kaduna,Nigeria,24.62
1888,Kaduna,Nigeria,24.91
1889,Kaduna,Nigeria,24.99
1890,Kaduna,Nigeria,24.24
1891,Kaduna,Nigeria,24.78
1892,Kaduna,Nigeria,25.01
1893,Kaduna,Nigeria,25
1894,Kaduna,Nigeria,25.15
1895,Kaduna,Nigeria,25.42
1896,Kaduna,Nigeria,25.23
1897,Kaduna,Nigeria,25.69
1898,Kaduna,Nigeria,25.21
1899,Kaduna,Nigeria,25.57
1900,Kaduna,Nigeria,25.69
1901,Kaduna,Nigeria,25.58
1902,Kaduna,Nigeria,25.33
1903,Kaduna,Nigeria,25.23
1904,Kaduna,Nigeria,24.85
1905,Kaduna,Nigeria,24.92
1906,Kaduna,Nigeria,25.36
1907,Kaduna,Nigeria,24.97
1908,Kaduna,Nigeria,25.37
1909,Kaduna,Nigeria,25.58
1910,Kaduna,Nigeria,25.47
1911,Kaduna,Nigeria,25.32
1912,Kaduna,Nigeria,25.25
1913,Kaduna,Nigeria,26.01
1914,Kaduna,Nigeria,26.29
1915,Kaduna,Nigeria,25.99
1916,Kaduna,Nigeria,25.63
1917,Kaduna,Nigeria,26.39
1918,Kaduna,Nigeria,25.75
1919,Kaduna,Nigeria,26.17
1920,Kaduna,Nigeria,25.46
1921,Kaduna,Nigeria,25.93
1922,Kaduna,Nigeria,26.1
1923,Kaduna,Nigeria,25.89
1924,Kaduna,Nigeria,26.14
1925,Kaduna,Nigeria,25.65
1926,Kaduna,Nigeria,26.28
1927,Kaduna,Nigeria,26.14
1928,Kaduna,Nigeria,26.2
1929,Kaduna,Nigeria,25.83
1930,Kaduna,Nigeria,26.28
1931,Kaduna,Nigeria,26.7
1932,Kaduna,Nigeria,25.98
1933,Kaduna,Nigeria,26.3
1934,Kaduna,Nigeria,25.98
1935,Kaduna,Nigeria,26.21
1936,Kaduna,Nigeria,26.08
1937,Kaduna,Nigeria,26.09
1938,Kaduna,Nigeria,26.38
1939,Kaduna,Nigeria,25.9
1940,Kaduna,Nigeria,26.27
1941,Kaduna,Nigeria,26.79
1942,Kaduna,Nigeria,26.59
1943,Kaduna,Nigeria,26.04
1944,Kaduna,Nigeria,26.21
1945,Kaduna,Nigeria,25.91
1946,Kaduna,Nigeria,25.94
1947,Kaduna,Nigeria,26.34
1948,Kaduna,Nigeria,25.7
1949,Kaduna,Nigeria,26.29
1950,Kaduna,Nigeria,25.83
1951,Kaduna,Nigeria,25.87
1952,Kaduna,Nigeria,25.78
1953,Kaduna,Nigeria,25.89
1954,Kaduna,Nigeria,25.73
1955,Kaduna,Nigeria,25.61
1956,Kaduna,Nigeria,25.73
1957,Kaduna,Nigeria,25.77
1958,Kaduna,Nigeria,26.14
1959,Kaduna,Nigeria,25.96
1960,Kaduna,Nigeria,25.96
1961,Kaduna,Nigeria,25.52
1962,Kaduna,Nigeria,25.79
1963,Kaduna,Nigeria,26.26
1964,Kaduna,Nigeria,25.82
1965,Kaduna,Nigeria,25.85
1966,Kaduna,Nigeria,25.86
1967,Kaduna,Nigeria,25.72
1968,Kaduna,Nigeria,26
1969,Kaduna,Nigeria,26.35
1970,Kaduna,Nigeria,26.09
1971,Kaduna,Nigeria,25.97
1972,Kaduna,Nigeria,26.02
1973,Kaduna,Nigeria,26.67
1974,Kaduna,Nigeria,25.8
1975,Kaduna,Nigeria,25.63
1976,Kaduna,Nigeria,25.95
1977,Kaduna,Nigeria,26.02
1978,Kaduna,Nigeria,25.85
1979,Kaduna,Nigeria,26.19
1980,Kaduna,Nigeria,26.13
1981,Kaduna,Nigeria,25.94
1982,Kaduna,Nigeria,26.09
1983,Kaduna,Nigeria,26.2
1984,Kaduna,Nigeria,26.21
1985,Kaduna,Nigeria,26.13
1986,Kaduna,Nigeria,26.23
1987,Kaduna,Nigeria,26.85
1988,Kaduna,Nigeria,26.17
1989,Kaduna,Nigeria,25.5
1990,Kaduna,Nigeria,26.56
1991,Kaduna,Nigeria,26.12
1992,Kaduna,Nigeria,25.76
1993,Kaduna,Nigeria,26.25
1994,Kaduna,Nigeria,25.9
1995,Kaduna,Nigeria,26.37
1996,Kaduna,Nigeria,26.39
1997,Kaduna,Nigeria,26.3
1998,Kaduna,Nigeria,26.73
1999,Kaduna,Nigeria,26.65
2000,Kaduna,Nigeria,26.07
2001,Kaduna,Nigeria,26.33
2002,Kaduna,Nigeria,26.73
2003,Kaduna,Nigeria,26.58
2004,Kaduna,Nigeria,26.73
2005,Kaduna,Nigeria,26.94
2006,Kaduna,Nigeria,27.03
2007,Kaduna,Nigeria,26.99
2008,Kaduna,Nigeria,26.41
2009,Kaduna,Nigeria,27.03
2010,Kaduna,Nigeria,27.21
2011,Kaduna,Nigeria,26.93
2012,Kaduna,Nigeria,26.68
2013,Kaduna,Nigeria,27.16
1856,Kano,Nigeria,26.32
1857,Kano,Nigeria,25.43
1858,Kano,Nigeria,25.98
1859,Kano,Nigeria,25.78
1860,Kano,Nigeria,25.31
1861,Kano,Nigeria,25.25
1862,Kano,Nigeria,25.22
1863,Kano,Nigeria,
1864,Kano,Nigeria,
1865,Kano,Nigeria,
1866,Kano,Nigeria,
1867,Kano,Nigeria,
1868,Kano,Nigeria,
1869,Kano,Nigeria,
1870,Kano,Nigeria,
1871,Kano,Nigeria,
1872,Kano,Nigeria,
1873,Kano,Nigeria,26.55
1874,Kano,Nigeria,25.55
1875,Kano,Nigeria,25.41
1876,Kano,Nigeria,25.38
1877,Kano,Nigeria,25.96
1878,Kano,Nigeria,26.13
1879,Kano,Nigeria,25.48
1880,Kano,Nigeria,25.57
1881,Kano,Nigeria,26.01
1882,Kano,Nigeria,25.52
1883,Kano,Nigeria,25.86
1884,Kano,Nigeria,26.06
1885,Kano,Nigeria,22.6
1886,Kano,Nigeria,25.28
1887,Kano,Nigeria,24.95
1888,Kano,Nigeria,25.22
1889,Kano,Nigeria,25.31
1890,Kano,Nigeria,24.51
1891,Kano,Nigeria,25.06
1892,Kano,Nigeria,25.33
1893,Kano,Nigeria,25.31
1894,Kano,Nigeria,25.43
1895,Kano,Nigeria,25.76
1896,Kano,Nigeria,25.48
1897,Kano,Nigeria,25.92
1898,Kano,Nigeria,25.48
1899,Kano,Nigeria,25.82
1900,Kano,Nigeria,25.92
1901,Kano,Nigeria,25.87
1902,Kano,Nigeria,25.65
1903,Kano,Nigeria,25.47
1904,Kano,Nigeria,25.08
1905,Kano,Nigeria,24.97
1906,Kano,Nigeria,25.53
1907,Kano,Nigeria,25.07
1908,Kano,Nigeria,25.61
1909,Kano,Nigeria,25.9
1910,Kano,Nigeria,25.64
1911,Kano,Nigeria,25.7
1912,Kano,Nigeria,25.34
1913,Kano,Nigeria,26.31
1914,Kano,Nigeria,26.71
1915,Kano,Nigeria,26.36
1916,Kano,Nigeria,25.82
1917,Kano,Nigeria,26.63
1918,Kano,Nigeria,26.08
1919,Kano,Nigeria,26.35
1920,Kano,Nigeria,25.51
1921,Kano,Nigeria,26.04
1922,Kano,Nigeria,26.31
1923,Kano,Nigeria,26.09
1924,Kano,Nigeria,26.35
1925,Kano,Nigeria,26.01
1926,Kano,Nigeria,26.52
1927,Kano,Nigeria,26.45
1928,Kano,Nigeria,26.59
1929,Kano,Nigeria,26.08
1930,Kano,Nigeria,26.56
1931,Kano,Nigeria,27.07
1932,Kano,Nigeria,26.25
1933,Kano,Nigeria,26.62
1934,Kano,Nigeria,26.17
1935,Kano,Nigeria,26.49
1936,Kano,Nigeria,26.27
1937,Kano,Nigeria,26.14
1938,Kano,Nigeria,26.55
1939,Kano,Nigeria,26.26
1940,Kano,Nigeria,26.5
1941,Kano,Nigeria,27.08
1942,Kano,Nigeria,26.87
1943,Kano,Nigeria,26.33
1944,Kano,Nigeria,26.4
1945,Kano,Nigeria,25.93
1946,Kano,Nigeria,26.12
1947,Kano,Nigeria,26.51
1948,Kano,Nigeria,25.85
1949,Kano,Nigeria,26.53
1950,Kano,Nigeria,25.91
1951,Kano,Nigeria,26.02
1952,Kano,Nigeria,25.92
1953,Kano,Nigeria,25.93
1954,Kano,Nigeria,26.07
1955,Kano,Nigeria,25.77
1956,Kano,Nigeria,26.02
1957,Kano,Nigeria,25.9
1958,Kano,Nigeria,26.44
1959,Kano,Nigeria,26.04
1960,Kano,Nigeria,26.24
1961,Kano,Nigeria,25.47
1962,Kano,Nigeria,26.12
1963,Kano,Nigeria,26.61
1964,Kano,Nigeria,26.05
1965,Kano,Nigeria,26
1966,Kano,Nigeria,26
1967,Kano,Nigeria,25.94
1968,Kano,Nigeria,26.2
1969,Kano,Nigeria,26.78
1970,Kano,Nigeria,26.21
1971,Kano,Nigeria,26.16
1972,Kano,Nigeria,26.53
1973,Kano,Nigeria,27.05
1974,Kano,Nigeria,25.97
1975,Kano,Nigeria,25.89
1976,Kano,Nigeria,26.31
1977,Kano,Nigeria,26.04
1978,Kano,Nigeria,26.13
1979,Kano,Nigeria,26.44
1980,Kano,Nigeria,26.37
1981,Kano,Nigeria,26.15
1982,Kano,Nigeria,26.37
1983,Kano,Nigeria,26.3
1984,Kano,Nigeria,26.53
1985,Kano,Nigeria,26.38
1986,Kano,Nigeria,26.6
1987,Kano,Nigeria,27.01
1988,Kano,Nigeria,26.33
1989,Kano,Nigeria,25.63
1990,Kano,Nigeria,26.85
1991,Kano,Nigeria,26.43
1992,Kano,Nigeria,25.96
1993,Kano,Nigeria,26.51
1994,Kano,Nigeria,26.13
1995,Kano,Nigeria,26.56
1996,Kano,Nigeria,26.64
1997,Kano,Nigeria,26.66
1998,Kano,Nigeria,26.93
1999,Kano,Nigeria,26.85
2000,Kano,Nigeria,26.38
2001,Kano,Nigeria,26.47
2002,Kano,Nigeria,26.96
2003,Kano,Nigeria,26.83
2004,Kano,Nigeria,26.99
2005,Kano,Nigeria,27.27
2006,Kano,Nigeria,27.26
2007,Kano,Nigeria,27.25
2008,Kano,Nigeria,26.71
2009,Kano,Nigeria,27.48
2010,Kano,Nigeria,27.64
2011,Kano,Nigeria,27.2
2012,Kano,Nigeria,26.87
2013,Kano,Nigeria,27.76
1849,Lagos,Nigeria,25.98
1850,Lagos,Nigeria,25.87
1851,Lagos,Nigeria,26.1
1852,Lagos,Nigeria,
1853,Lagos,Nigeria,
1854,Lagos,Nigeria,
1855,Lagos,Nigeria,
1856,Lagos,Nigeria,26.35
1857,Lagos,Nigeria,25.45
1858,Lagos,Nigeria,25.92
1859,Lagos,Nigeria,26.18
1860,Lagos,Nigeria,26.01
1861,Lagos,Nigeria,25.95
1862,Lagos,Nigeria,25.9
1863,Lagos,Nigeria,
1864,Lagos,Nigeria,
1865,Lagos,Nigeria,
1866,Lagos,Nigeria,
1867,Lagos,Nigeria,
1868,Lagos,Nigeria,
1869,Lagos,Nigeria,
1870,Lagos,Nigeria,
1871,Lagos,Nigeria,
1872,Lagos,Nigeria,
1873,Lagos,Nigeria,26.46
1874,Lagos,Nigeria,26.08
1875,Lagos,Nigeria,25.82
1876,Lagos,Nigeria,25.82
1877,Lagos,Nigeria,26.35
1878,Lagos,Nigeria,26.26
1879,Lagos,Nigeria,25.67
1880,Lagos,Nigeria,26.14
1881,Lagos,Nigeria,26.39
1882,Lagos,Nigeria,26.01
1883,Lagos,Nigeria,26.42
1884,Lagos,Nigeria,26.43
1885,Lagos,Nigeria,26.01
1886,Lagos,Nigeria,25.87
1887,Lagos,Nigeria,25.09
1888,Lagos,Nigeria,25.42
1889,Lagos,Nigeria,25.34
1890,Lagos,Nigeria,24.86
1891,Lagos,Nigeria,25.29
1892,Lagos,Nigeria,25.49
1893,Lagos,Nigeria,25.67
1894,Lagos,Nigeria,25.59
1895,Lagos,Nigeria,25.92
1896,Lagos,Nigeria,25.87
1897,Lagos,Nigeria,26.29
1898,Lagos,Nigeria,25.79
1899,Lagos,Nigeria,26.31
1900,Lagos,Nigeria,26.42
1901,Lagos,Nigeria,26.53
1902,Lagos,Nigeria,26.09
1903,Lagos,Nigeria,25.68
1904,Lagos,Nigeria,25.48
1905,Lagos,Nigeria,26.16
1906,Lagos,Nigeria,26.21
1907,Lagos,Nigeria,25.96
1908,Lagos,Nigeria,26.15
1909,Lagos,Nigeria,26.08
1910,Lagos,Nigeria,26.13
1911,Lagos,Nigeria,25.72
1912,Lagos,Nigeria,26.17
1913,Lagos,Nigeria,26.65
1914,Lagos,Nigeria,26.75
1915,Lagos,Nigeria,26.81
1916,Lagos,Nigeria,26.6
1917,Lagos,Nigeria,26.96
1918,Lagos,Nigeria,26.41
1919,Lagos,Nigeria,26.7
1920,Lagos,Nigeria,26.72
1921,Lagos,Nigeria,26.77
1922,Lagos,Nigeria,26.73
1923,Lagos,Nigeria,26.63
1924,Lagos,Nigeria,26.95
1925,Lagos,Nigeria,26.64
1926,Lagos,Nigeria,26.97
1927,Lagos,Nigeria,26.88
1928,Lagos,Nigeria,26.75
1929,Lagos,Nigeria,26.48
1930,Lagos,Nigeria,26.84
1931,Lagos,Nigeria,26.85
1932,Lagos,Nigeria,26.46
1933,Lagos,Nigeria,26.93
1934,Lagos,Nigeria,26.89
1935,Lagos,Nigeria,26.9
1936,Lagos,Nigeria,26.66
1937,Lagos,Nigeria,26.96
1938,Lagos,Nigeria,26.82
1939,Lagos,Nigeria,26.39
1940,Lagos,Nigeria,26.81
1941,Lagos,Nigeria,27.36
1942,Lagos,Nigeria,26.95
1943,Lagos,Nigeria,26.53
1944,Lagos,Nigeria,27.07
1945,Lagos,Nigeria,27.07
1946,Lagos,Nigeria,26.72
1947,Lagos,Nigeria,26.98
1948,Lagos,Nigeria,26.61
1949,Lagos,Nigeria,26.98
1950,Lagos,Nigeria,26.57
1951,Lagos,Nigeria,26.89
1952,Lagos,Nigeria,26.66
1953,Lagos,Nigeria,26.66
1954,Lagos,Nigeria,26.28
1955,Lagos,Nigeria,26.42
1956,Lagos,Nigeria,26.31
1957,Lagos,Nigeria,26.65
1958,Lagos,Nigeria,26.68
1959,Lagos,Nigeria,26.72
1960,Lagos,Nigeria,26.68
1961,Lagos,Nigeria,26.46
1962,Lagos,Nigeria,26.55
1963,Lagos,Nigeria,27.01
1964,Lagos,Nigeria,26.48
1965,Lagos,Nigeria,26.53
1966,Lagos,Nigeria,26.84
1967,Lagos,Nigeria,26.43
1968,Lagos,Nigeria,26.67
1969,Lagos,Nigeria,26.89
1970,Lagos,Nigeria,26.92
1971,Lagos,Nigeria,26.56
1972,Lagos,Nigeria,26.91
1973,Lagos,Nigeria,27.2
1974,Lagos,Nigeria,26.44
1975,Lagos,Nigeria,26.27
1976,Lagos,Nigeria,26.37
1977,Lagos,Nigeria,27.01
1978,Lagos,Nigeria,26.73
1979,Lagos,Nigeria,26.99
1980,Lagos,Nigeria,26.85
1981,Lagos,Nigeria,26.79
1982,Lagos,Nigeria,26.66
1983,Lagos,Nigeria,26.99
1984,Lagos,Nigeria,26.98
1985,Lagos,Nigeria,26.74
1986,Lagos,Nigeria,26.65
1987,Lagos,Nigeria,27.51
1988,Lagos,Nigeria,27.04
1989,Lagos,Nigeria,26.71
1990,Lagos,Nigeria,27.06
1991,Lagos,Nigeria,26.88
1992,Lagos,Nigeria,26.73
1993,Lagos,Nigeria,26.9
1994,Lagos,Nigeria,26.84
1995,Lagos,Nigeria,27.07
1996,Lagos,Nigeria,26.92
1997,Lagos,Nigeria,26.91
1998,Lagos,Nigeria,27.53
1999,Lagos,Nigeria,27.03
2000,Lagos,Nigeria,27.02
2001,Lagos,Nigeria,26.92
2002,Lagos,Nigeria,27.13
2003,Lagos,Nigeria,27.37
2004,Lagos,Nigeria,27.32
2005,Lagos,Nigeria,27.39
2006,Lagos,Nigeria,27.53
2007,Lagos,Nigeria,27.46
2008,Lagos,Nigeria,27.3
2009,Lagos,Nigeria,27.53
2010,Lagos,Nigeria,27.79
2011,Lagos,Nigeria,27.35
2012,Lagos,Nigeria,27.15
2013,Lagos,Nigeria,27.36
1856,Maiduguri,Nigeria,28.03
1857,Maiduguri,Nigeria,27.28
1858,Maiduguri,Nigeria,27.7
1859,Maiduguri,Nigeria,27.72
1860,Maiduguri,Nigeria,27.29
1861,Maiduguri,Nigeria,27.12
1862,Maiduguri,Nigeria,26.96
1863,Maiduguri,Nigeria,
1864,Maiduguri,Nigeria,
1865,Maiduguri,Nigeria,
1866,Maiduguri,Nigeria,
1867,Maiduguri,Nigeria,
1868,Maiduguri,Nigeria,
1869,Maiduguri,Nigeria,
1870,Maiduguri,Nigeria,
1871,Maiduguri,Nigeria,
1872,Maiduguri,Nigeria,
1873,Maiduguri,Nigeria,28.49
1874,Maiduguri,Nigeria,27.4
1875,Maiduguri,Nigeria,27.37
1876,Maiduguri,Nigeria,27.29
1877,Maiduguri,Nigeria,27.84
1878,Maiduguri,Nigeria,28.03
1879,Maiduguri,Nigeria,27.35
1880,Maiduguri,Nigeria,27.43
1881,Maiduguri,Nigeria,27.82
1882,Maiduguri,Nigeria,27.62
1883,Maiduguri,Nigeria,28.5
1884,Maiduguri,Nigeria,28.13
1885,Maiduguri,Nigeria,24.43
1886,Maiduguri,Nigeria,27.15
1887,Maiduguri,Nigeria,26.93
1888,Maiduguri,Nigeria,27.21
1889,Maiduguri,Nigeria,27.48
1890,Maiduguri,Nigeria,26.63
1891,Maiduguri,Nigeria,27.13
1892,Maiduguri,Nigeria,27.35
1893,Maiduguri,Nigeria,27.16
1894,Maiduguri,Nigeria,27.49
1895,Maiduguri,Nigeria,27.62
1896,Maiduguri,Nigeria,27.47
1897,Maiduguri,Nigeria,27.82
1898,Maiduguri,Nigeria,27.46
1899,Maiduguri,Nigeria,27.68
1900,Maiduguri,Nigeria,27.79
1901,Maiduguri,Nigeria,28.03
1902,Maiduguri,Nigeria,27.54
1903,Maiduguri,Nigeria,27.45
1904,Maiduguri,Nigeria,26.97
1905,Maiduguri,Nigeria,27.56
1906,Maiduguri,Nigeria,27.58
1907,Maiduguri,Nigeria,27.21
1908,Maiduguri,Nigeria,27.56
1909,Maiduguri,Nigeria,27.56
1910,Maiduguri,Nigeria,26.69
1911,Maiduguri,Nigeria,27.4
1912,Maiduguri,Nigeria,27.49
1913,Maiduguri,Nigeria,27.96
1914,Maiduguri,Nigeria,28.78
1915,Maiduguri,Nigeria,28.42
1916,Maiduguri,Nigeria,27.59
1917,Maiduguri,Nigeria,28.25
1918,Maiduguri,Nigeria,27.93
1919,Maiduguri,Nigeria,28.48
1920,Maiduguri,Nigeria,27.2
1921,Maiduguri,Nigeria,27.89
1922,Maiduguri,Nigeria,28.11
1923,Maiduguri,Nigeria,27.86
1924,Maiduguri,Nigeria,28.17
1925,Maiduguri,Nigeria,28.11
1926,Maiduguri,Nigeria,28.37
1927,Maiduguri,Nigeria,28
1928,Maiduguri,Nigeria,28.44
1929,Maiduguri,Nigeria,27.79
1930,Maiduguri,Nigeria,28.15
1931,Maiduguri,Nigeria,29.08
1932,Maiduguri,Nigeria,28.37
1933,Maiduguri,Nigeria,28.88
1934,Maiduguri,Nigeria,27.77
1935,Maiduguri,Nigeria,28.23
1936,Maiduguri,Nigeria,28.36
1937,Maiduguri,Nigeria,28.05
1938,Maiduguri,Nigeria,28.42
1939,Maiduguri,Nigeria,28.12
1940,Maiduguri,Nigeria,28.47
1941,Maiduguri,Nigeria,28.95
1942,Maiduguri,Nigeria,28.96
1943,Maiduguri,Nigeria,28.11
1944,Maiduguri,Nigeria,28.16
1945,Maiduguri,Nigeria,27.97
1946,Maiduguri,Nigeria,28.01
1947,Maiduguri,Nigeria,28.28
1948,Maiduguri,Nigeria,27.86
1949,Maiduguri,Nigeria,28.11
1950,Maiduguri,Nigeria,27.75
1951,Maiduguri,Nigeria,27.81
1952,Maiduguri,Nigeria,28.14
1953,Maiduguri,Nigeria,27.93
1954,Maiduguri,Nigeria,28.07
1955,Maiduguri,Nigeria,27.6
1956,Maiduguri,Nigeria,27.93
1957,Maiduguri,Nigeria,27.8
1958,Maiduguri,Nigeria,28.34
1959,Maiduguri,Nigeria,27.86
1960,Maiduguri,Nigeria,28.12
1961,Maiduguri,Nigeria,27.28
1962,Maiduguri,Nigeria,28.09
1963,Maiduguri,Nigeria,28.33
1964,Maiduguri,Nigeria,27.81
1965,Maiduguri,Nigeria,27.77
1966,Maiduguri,Nigeria,27.91
1967,Maiduguri,Nigeria,27.83
1968,Maiduguri,Nigeria,27.93
1969,Maiduguri,Nigeria,28.79
1970,Maiduguri,Nigeria,28.15
1971,Maiduguri,Nigeria,27.98
1972,Maiduguri,Nigeria,28.24
1973,Maiduguri,Nigeria,28.97
1974,Maiduguri,Nigeria,27.87
1975,Maiduguri,Nigeria,27.86
1976,Maiduguri,Nigeria,28.36
1977,Maiduguri,Nigeria,27.77
1978,Maiduguri,Nigeria,27.98
1979,Maiduguri,Nigeria,28.42
1980,Maiduguri,Nigeria,28.33
1981,Maiduguri,Nigeria,28.09
1982,Maiduguri,Nigeria,28.14
1983,Maiduguri,Nigeria,28.14
1984,Maiduguri,Nigeria,28.5
1985,Maiduguri,Nigeria,28.33
1986,Maiduguri,Nigeria,28.73
1987,Maiduguri,Nigeria,28.77
1988,Maiduguri,Nigeria,28.19
1989,Maiduguri,Nigeria,27.29
1990,Maiduguri,Nigeria,28.74
1991,Maiduguri,Nigeria,28.37
1992,Maiduguri,Nigeria,27.87
1993,Maiduguri,Nigeria,28.54
1994,Maiduguri,Nigeria,28.04
1995,Maiduguri,Nigeria,28.28
1996,Maiduguri,Nigeria,28.44
1997,Maiduguri,Nigeria,28.43
1998,Maiduguri,Nigeria,28.73
1999,Maiduguri,Nigeria,28.57
2000,Maiduguri,Nigeria,28.5
2001,Maiduguri,Nigeria,28.3
2002,Maiduguri,Nigeria,28.72
2003,Maiduguri,Nigeria,28.55
2004,Maiduguri,Nigeria,28.88
2005,Maiduguri,Nigeria,29.04
2006,Maiduguri,Nigeria,29.06
2007,Maiduguri,Nigeria,28.79
2008,Maiduguri,Nigeria,28.51
2009,Maiduguri,Nigeria,29.29
2010,Maiduguri,Nigeria,29.39
2011,Maiduguri,Nigeria,28.84
2012,Maiduguri,Nigeria,28.57
2013,Maiduguri,Nigeria,29.71
1856,Port Harcourt,Nigeria,26.19
1857,Port Harcourt,Nigeria,25.16
1858,Port Harcourt,Nigeria,25.75
1859,Port Harcourt,Nigeria,25.96
1860,Port Harcourt,Nigeria,25.95
1861,Port Harcourt,Nigeria,25.76
1862,Port Harcourt,Nigeria,25.96
1863,Port Harcourt,Nigeria,
1864,Port Harcourt,Nigeria,
1865,Port Harcourt,Nigeria,
1866,Port Harcourt,Nigeria,
1867,Port Harcourt,Nigeria,
1868,Port Harcourt,Nigeria,
1869,Port Harcourt,Nigeria,
1870,Port Harcourt,Nigeria,
1871,Port Harcourt,Nigeria,
1872,Port Harcourt,Nigeria,
1873,Port Harcourt,Nigeria,26.39
1874,Port Harcourt,Nigeria,25.97
1875,Port Harcourt,Nigeria,25.76
1876,Port Harcourt,Nigeria,25.63
1877,Port Harcourt,Nigeria,26.25
1878,Port Harcourt,Nigeria,26.08
1879,Port Harcourt,Nigeria,25.42
1880,Port Harcourt,Nigeria,25.78
1881,Port Harcourt,Nigeria,26.12
1882,Port Harcourt,Nigeria,25.81
1883,Port Harcourt,Nigeria,26.2
1884,Port Harcourt,Nigeria,25.87
1885,Port Harcourt,Nigeria,25.89
1886,Port Harcourt,Nigeria,25.78
1887,Port Harcourt,Nigeria,25.03
1888,Port Harcourt,Nigeria,25.42
1889,Port Harcourt,Nigeria,25.61
1890,Port Harcourt,Nigeria,24.73
1891,Port Harcourt,Nigeria,25.3
1892,Port Harcourt,Nigeria,25.41
1893,Port Harcourt,Nigeria,25.46
1894,Port Harcourt,Nigeria,25.63
1895,Port Harcourt,Nigeria,25.77
1896,Port Harcourt,Nigeria,25.74
1897,Port Harcourt,Nigeria,26.14
1898,Port Harcourt,Nigeria,25.58
1899,Port Harcourt,Nigeria,26.25
1900,Port Harcourt,Nigeria,26.23
1901,Port Harcourt,Nigeria,26.3
1902,Port Harcourt,Nigeria,25.84
1903,Port Harcourt,Nigeria,25.64
1904,Port Harcourt,Nigeria,25.19
1905,Port Harcourt,Nigeria,26.15
1906,Port Harcourt,Nigeria,25.97
1907,Port Harcourt,Nigeria,25.89
1908,Port Harcourt,Nigeria,25.98
1909,Port Harcourt,Nigeria,25.91
1910,Port Harcourt,Nigeria,25.97
1911,Port Harcourt,Nigeria,25.63
1912,Port Harcourt,Nigeria,26.27
1913,Port Harcourt,Nigeria,26.68
1914,Port Harcourt,Nigeria,26.61
1915,Port Harcourt,Nigeria,26.54
1916,Port Harcourt,Nigeria,26.41
1917,Port Harcourt,Nigeria,26.67
1918,Port Harcourt,Nigeria,26.1
1919,Port Harcourt,Nigeria,26.76
1920,Port Harcourt,Nigeria,26.44
1921,Port Harcourt,Nigeria,26.51
1922,Port Harcourt,Nigeria,26.49
1923,Port Harcourt,Nigeria,26.32
1924,Port Harcourt,Nigeria,26.75
1925,Port Harcourt,Nigeria,26.1
1926,Port Harcourt,Nigeria,26.59
1927,Port Harcourt,Nigeria,26.85
1928,Port Harcourt,Nigeria,26.35
1929,Port Harcourt,Nigeria,26.42
1930,Port Harcourt,Nigeria,26.54
1931,Port Harcourt,Nigeria,26.55
1932,Port Harcourt,Nigeria,26.38
1933,Port Harcourt,Nigeria,26.81
1934,Port Harcourt,Nigeria,26.76
1935,Port Harcourt,Nigeria,26.77
1936,Port Harcourt,Nigeria,26.71
1937,Port Harcourt,Nigeria,26.94
1938,Port Harcourt,Nigeria,26.91
1939,Port Harcourt,Nigeria,26.37
1940,Port Harcourt,Nigeria,26.59
1941,Port Harcourt,Nigeria,27.17
1942,Port Harcourt,Nigeria,26.81
1943,Port Harcourt,Nigeria,26.44
1944,Port Harcourt,Nigeria,26.82
1945,Port Harcourt,Nigeria,26.88
1946,Port Harcourt,Nigeria,26.64
1947,Port Harcourt,Nigeria,26.83
1948,Port Harcourt,Nigeria,26.55
1949,Port Harcourt,Nigeria,26.87
1950,Port Harcourt,Nigeria,26.52
1951,Port Harcourt,Nigeria,26.62
1952,Port Harcourt,Nigeria,26.54
1953,Port Harcourt,Nigeria,26.54
1954,Port Harcourt,Nigeria,26.18
1955,Port Harcourt,Nigeria,26.29
1956,Port Harcourt,Nigeria,26.08
1957,Port Harcourt,Nigeria,26.55
1958,Port Harcourt,Nigeria,26.52
1959,Port Harcourt,Nigeria,26.55
1960,Port Harcourt,Nigeria,26.59
1961,Port Harcourt,Nigeria,26.41
1962,Port Harcourt,Nigeria,26.46
1963,Port Harcourt,Nigeria,26.81
1964,Port Harcourt,Nigeria,26.42
1965,Port Harcourt,Nigeria,26.42
1966,Port Harcourt,Nigeria,26.75
1967,Port Harcourt,Nigeria,26.48
1968,Port Harcourt,Nigeria,26.51
1969,Port Harcourt,Nigeria,26.66
1970,Port Harcourt,Nigeria,26.65
1971,Port Harcourt,Nigeria,26.41
1972,Port Harcourt,Nigeria,26.62
1973,Port Harcourt,Nigeria,26.98
1974,Port Harcourt,Nigeria,26.38
1975,Port Harcourt,Nigeria,26.27
1976,Port Harcourt,Nigeria,26.28
1977,Port Harcourt,Nigeria,26.79
1978,Port Harcourt,Nigeria,26.62
1979,Port Harcourt,Nigeria,26.86
1980,Port Harcourt,Nigeria,26.79
1981,Port Harcourt,Nigeria,26.42
1982,Port Harcourt,Nigeria,26.43
1983,Port Harcourt,Nigeria,26.65
1984,Port Harcourt,Nigeria,26.75
1985,Port Harcourt,Nigeria,26.55
1986,Port Harcourt,Nigeria,26.49
1987,Port Harcourt,Nigeria,27.11
1988,Port Harcourt,Nigeria,26.85
1989,Port Harcourt,Nigeria,26.43
1990,Port Harcourt,Nigeria,26.84
1991,Port Harcourt,Nigeria,26.8
1992,Port Harcourt,Nigeria,26.49
1993,Port Harcourt,Nigeria,26.7
1994,Port Harcourt,Nigeria,26.69
1995,Port Harcourt,Nigeria,26.97
1996,Port Harcourt,Nigeria,26.77
1997,Port Harcourt,Nigeria,26.76
1998,Port Harcourt,Nigeria,27.41
1999,Port Harcourt,Nigeria,26.74
2000,Port Harcourt,Nigeria,26.76
2001,Port Harcourt,Nigeria,26.67
2002,Port Harcourt,Nigeria,27.01
2003,Port Harcourt,Nigeria,27.13
2004,Port Harcourt,Nigeria,27.19
2005,Port Harcourt,Nigeria,27.16
2006,Port Harcourt,Nigeria,27.29
2007,Port Harcourt,Nigeria,27.32
2008,Port Harcourt,Nigeria,27.18
2009,Port Harcourt,Nigeria,27.45
2010,Port Harcourt,Nigeria,27.49
2011,Port Harcourt,Nigeria,27.18
2012,Port Harcourt,Nigeria,27
2013,Port Harcourt,Nigeria,27.24
